{
	"class_name" : "PinholeCameraParameters",
	"extrinsic" : 
	[
		0.095762412121172091,
		0.9661914487375618,
		0.23938179715915447,
		0.0,
		0.81943025757290067,
		0.06001277984227564,
		-0.57002852492626399,
		0.0,
		-0.56512265341140289,
		0.25074399422920252,
		-0.78597953914796115,
		0.0,
		-0.50843141723207219,
		-0.44999028412781861,
		1.3745735435556052,
		1.0
	],
	"intrinsic" : 
	{
		"height" : 1016,
		"intrinsic_matrix" : 
		[
			879.88181024498977,
			0.0,
			0.0,
			0.0,
			879.88181024498977,
			0.0,
			923.5,
			507.5,
			1.0
		],
		"width" : 1848
	},
	"version_major" : 1,
	"version_minor" : 0
}